Mark,Hardware group,Size (as read),Width (in),Height (in),Thickness,Fire rating,Door type,Door material,Door finish,Frame type,Frame material,Frame finish,Head,Jamb,Sill,DOOR PAIR,GLAZING,ALTERNATE PRICING,Notes,Source page,Source row
1J.1,44 UTY-IT,"3'-0"" x 7'-10""",36,94,,,F,WD1,STN1,EXIST. (1),EXIST. (HM),P6,EXIST.,,,No,,No,RETROFIT FRAME AND REPLACE DOOR SLAB & HARDWARE COMPONENTS - ADD CARD READER,29,0
109.1,06 CL,"3'-0"" x 7'-10""",36,94,,,NG,WD1,STN1,EXIST. (1),EXIST. (HM),P6,EXIST.,,,No,,Yes,RETROFIT FRAME AND REPLACE DOOR SLAB & HARDWARE COMPONENTS,29,1
109.2,06 CL,"3'-0"" x 7'-10""",36,94,,,NG,WD1,STN1,EXIST. (1),EXIST. (HM),P6,EXIST.,,,No,,Yes,RETROFIT FRAME AND REPLACE DOOR SLAB & HARDWARE COMPONENTS,29,2
111.1,06 CL,"3'-0"" x 7'-10""",36,94,,,NG,EXIST. (WD),EXIST. (DK STAIN),EXIST. (3),EXIST. (HM),P8,EXIST.,,,No,G2,Yes,"RETROFIT FRAME AND REPLACE GLAZING AT SLAB AND SIDELITE & HARDWARE COMPONENTS, DOOR SLAB TO REMAIN",29,3
111.1.1,19 STO,"6'-0"" x 7'-10""",72,94,,,F,EXIST. (WD),EXIST. (DK STAIN),EXIST. (2),EXIST. (HM),P8,EXIST.,,,Yes,,Yes,RETROFIT FRAME AND REPLACE HARDWARE COMPONENTS,29,4
113.1,06 CL,"3'-0"" x 7'-10""",36,94,,,NG,EXIST. (WD),EXIST. (DK STAIN),EXIST. (3),EXIST. (HM),P8,EXIST.,,,No,G2,Yes,"RETROFIT FRAME AND REPLACE GLAZING AT SLAB AND SIDELITE & HARDWARE COMPONENTS, DOOR SLAB TO REMAIN",29,5
113.1.1,19 STO,"6'-0"" x 7'-10""",72,94,,,F,EXIST. (WD),EXIST. (DK STAIN),EXIST. (2),EXIST. (HM),P8,EXIST.,,,Yes,,Yes,RETROFIT FRAME AND REPLACE HARDWARE COMPONENTS,29,6
114.1,19F STO,"6'-0"" x 7'-10""",72,94,,YES,F,EXIST. (WD),EXIST. (DK STAIN),EXIST. (1),EXIST. (HM),P8,EXIST.,,,Yes,,Yes,"90 MIN. DOOR AND HARDWARE - RETROFIT FRAME AND REPLACE HARDWARE COMPONENTS, DOOR SLAB TO REMAIN.",29,7
118.1,23 STO,"2'-8"" x 7'-10""",32,94,,,F,EXIST. (WD),EXIST. (DK STAIN),EXIST. (1),EXIST. (HM),P8,EXIST.,,,No,,Yes,"RETROFIT FRAME AND REPLACE HARDWARE COMPONENTS, DOOR SLAB TO REMAIN.",29,8
119.1,40 UTY,"6'-0"" x 7'-10""",72,94,,,F,HM,P9,1,HM,P9,H2,J2,,Yes,,Yes,"EXTERIOR DOOR PAIR - FRAME, SLAB, AND HARDWARE REPLACEMENT",29,9
119.2,44 UTY-IT,"3'-0"" x 7'-10""",36,94,,,F,EXIST. (WD),EXIST. (DK STAIN),EXIST. (1),EXIST. (HM),P8,EXIST.,,,No,,Yes,RETROFIT FRAME AND REPLACE HARDWARE COMPONENTS - ADD CARD READER,29,10
126.1,28 COR,"6'-0"" x 7'-10""",72,94,,,NG,WD1,STN1,EXIST. (HM),EXIST. (HM),P6,EXIST.,,,Yes,G2,Yes,RETROFIT FRAME AND REPLACE DOOR SLAB & HARDWARE COMPONENTS - PANIC HARDWARE REQUIRED,29,11
126.1.1,32 EXD,"3'-0"" x 7'-10""",36,94,,,AL1,ALUM2,ANOD2,SF-E03A,ALUM2,ANOD2,EXIST.,,,No,G1,Yes,EXTERIOR DOOR - PANIC HARDWARE & CARD READER,29,12
126.1.2,,"3'-0"" x 7'-0""",36,84,,,F,,,1,,,,,,No,,,,29,13
126.2,28 COR,"6'-0"" x 7'-10""",72,94,,,NG,WD1,STN1,EXIST. (HM),EXIST. (HM),P6,EXIST.,,,Yes,G2,No,RETROFIT FRAME AND REPLACE DOOR SLAB & HARDWARE COMPONENTS - PANIC HARDWARE REQUIRED,29,14
127.1,07 CL,"3'-0"" x 7'-10""",36,94,,,F,WD1,STN1,3,HM,P6,H4,J4,,No,G2,No,,29,15
128.1.1,06 CL,"3'-0"" x 7'-10""",36,94,,,NG,WD1,STN1,EXIST. (SF),EXIST. (HM),P6,EXIST.,,,No,G2,Yes,RETROFIT FRAME AND REPLACE DOOR SLAB & HARDWARE COMPONENTS,29,16
129.1,06 CL,"3'-0"" x 7'-10""",36,94,,,F,WD1,STN1,3,HM,P6,H4,J4,,No,G2,No,,29,17
130.1,01 RR,"3'-0"" x 7'-10""",36,94,,,F,WD1,STN1,EXIST. (1),EXIST. (HM),P6,EXIST.,,,No,,No,RETROFIT FRAME AND REPLACE DOOR SLAB & HARDWARE COMPONENTS,29,18
131.1,06 CL,"3'-0"" x 7'-10""",36,94,,,F,WD1,STN1,3,HM,P6,H4,J4,,No,G2,No,,29,19
132.1,01 RR,"3'-0"" x 7'-10""",36,94,,,F,WD1,STN1,1,HM,P6,EXIST.,,,No,,No,"WIDEN EXISTING MASONRY DOOR OPENING, NEW DOOR FRAME, SLAB, AND HARDWARE COMPONENTS",29,20
133.1,06 CL,"3'-0"" x 7'-10""",36,94,,,NG,WD1,STN1,EXIST. (1),EXIST. (HM),P6,EXIST.,,,No,G2,No,RETROFIT FRAME AND REPLACE DOOR SLAB & HARDWARE COMPONENTS,29,21
134.1,01 RR,"3'-0"" x 7'-10""",36,94,,,F,WD1,STN1,1,HM,P6,H1,J1,,No,,No,,29,22
136.1,44 UTY-IT,"3'-0"" x 7'-10""",36,94,,,F,WD1,STN1,EXIST. (1),EXIST. (HM),P6,EXIST.,,,No,,No,RETROFIT FRAME AND REPLACE DOOR SLAB & HARDWARE COMPONENTS,29,23
138.1,23 STO,"3'-0"" x 7'-10""",36,94,,,F,WD1,STN1,EXIST. (1),EXIST. (HM),P6,EXIST.,,,No,,Yes,RETROFIT FRAME AND REPLACE DOOR SLAB & HARDWARE COMPONENTS,29,24
138.1.1,06 CL,"3'-0"" x 7'-0""",36,84,,,NG,WD1,STN1,EXIST. (1),EXIST. (HM),P6,EXIST.,,,No,G2,No,"RETROFIT FRAME AND REPLACE DOOR SLAB & HARDWARE COMPONENTS, NOTE: 7'-0'' H DOOR.",29,25
138.2,23 STO,"3'-0"" x 7'-10""",36,94,,,F,WD1,STN1,EXIST. (1),EXIST. (HM),P6,EXIST.,,,No,,Yes,RETROFIT FRAME AND REPLACE DOOR SLAB & HARDWARE COMPONENTS,29,26
141.1,06 CL,"3'-0"" x 7'-10""",36,94,,,F,WD1,STN1,3,HM,P6,H4,J4,,No,G2,No,,29,27
142.1,06 CL,"3'-0"" x 7'-10""",36,94,,,F,WD1,STN1,3,HM,P6,H4,J4,,No,G2,No,,29,28
143.1,06 CL,"3'-0"" x 7'-10""",36,94,,,G,WD1,STN1,3,HM,P6,H4,J4,,No,G2,No,,29,29
144.1,06 CL,"3'-0"" x 7'-10""",36,94,,,G,WD1,STN1,3,HM,P6,H4,J4,,No,G2,No,,29,30
145.1,06 CL,"3'-0"" x 7'-10""",36,94,,,G,WD1,STN1,3,HM,P6,H4,J4,,No,G2,No,,29,31
146.1,06 CL,"3'-0"" x 7'-10""",36,94,,,G,WD1,STN1,3,HM,P6,H4,J4,,No,G2,No,,29,32
147.1,02 RR-M,"3'-0"" x 7'-10""",36,94,,,F,WD1,STN1,EXIST. (1),EXIST. (HM),P6,EXIST.,,,No,,No,RETROFIT FRAME AND REPLACE DOOR SLAB & HARDWARE COMPONENTS,29,33
147.1.1,51 UTY-CUS,"3'-0"" x 7'-10""",36,94,,,F,WD1,STN1,1,HM,P6,H1,J3,,No,,Yes,"NEW DOOR FRAME, SLAB & HARDWARE COMPONENTS IN EXISTING OPENING",29,34
148.1,02 RR-M,"3'-0"" x 7'-10""",36,94,,,F,WD1,STN1,EXIST. (1),EXIST. (HM),P6,EXIST.,,,No,,No,RETROFIT FRAME AND REPLACE HARDWARE COMPONENTS,29,35
150.1,07 CL,"3'-0"" x 7'-10""",36,94,,,AL1,ALUM1,ANOD1,SF-IN09,ALUM1,ANOD1,H5,J5,,No,G2,No,STOREFRONT,29,36
151.1,06 CL,"3'-0"" x 7'-10""",36,94,,,F,WD1,STN1,3,HM,P6,H4,J4,,No,G2,No,,29,37
152.1,47 VES,"3'-0"" x 7'-10""",36,94,,,F,WD1,STN1,3,HM,P6,H4,J4,,No,G2,No,,29,38
152.1.1,32 EXD,"3'-0"" x 7'-10""",36,94,,,AL1,ALUM2,ANOD2,SF-E03,ALUM2,ANOD2,H11,J11,,No,G1,No,EXTERIOR DOOR - PANIC HARDWARE & CARD READER,29,39
153.1,06 CL,"3'-0"" x 7'-10""",36,94,,,F,WD1,STN1,3,HM,P6,H4,J4,,No,G2,No,,29,40
155.1,07 CL,"3'-0"" x 7'-10""",36,94,,,F,WD1,STN1,3,HM,P6,H4,J4,,No,G2,No,,29,41
155.2,23 STO,"2'-6"" x 7'-10""",30,94,,,F,WD1,STN1,1,HM,P6,H4,J4,,No,,No,,29,42
157.1,20 STO,"3'-0"" x 7'-10""",36,94,,,F,WD1,STN1,EXIST. (1),EXIST. (HM),P6,EXIST.,,,No,,No,RETROFIT FRAME AND REPLACE DOOR SLAB & HARDWARE COMPONENTS,29,43
159.1,06 CL,"3'-0"" x 7'-10""",36,94,,,NG,WD1,STN1,EXIST. (1),EXIST. (HM),P6,EXIST.,,,No,G2,No,RETROFIT FRAME AND REPLACE DOOR SLAB & HARDWARE COMPONENTS,29,44
161.1,06 CL,"3'-0"" x 7'-10""",36,94,,,F,WD1,STN1,3,HM,P6,H4,J4,,No,G2,No,,29,45
162.1,06 CL,"3'-0"" x 7'-10""",36,94,,,F,WD1,STN1,3,HM,P6,H4,J4,,No,G2,No,,29,46
163.1,06 CL,"3'-0"" x 7'-10""",36,94,,,F,WD1,STN1,3,HM,P6,H4,J4,,No,G2,No,,29,47
164.1,06 CL,"3'-0"" x 7'-10""",36,94,,,F,WD1,STN1,3,HM,P6,H4,J4,,No,G2,No,,29,48
165.1,06 CL,"3'-0"" x 7'-10""",36,94,,,F,WD1,STN1,3,HM,P6,H4,J4,,No,G2,No,,29,49
166.1,06 CL,"3'-0"" x 7'-10""",36,94,,,F,WD1,STN1,3,HM,P6,H4,J4,,No,G2,No,,29,50
167.1,02 RR-M,"3'-0"" x 7'-10""",36,94,,,F,WD1,STN1,EXIST. (1),EXIST. (HM),P6,EXIST.,,,No,,No,RETROFIT FRAME AND REPLACE DOOR SLAB & HARDWARE COMPONENTS,29,51
167.1.1,51 UTY-CUS,"3'-0"" x 7'-10""",36,94,,,F,WD1,STN1,1,HM,P6,H1,J3,,No,,Yes,"NEW DOOR FRAME, SLAB & HARDWARE COMPONENTS IN EXISTING OPENING",29,52
168.1,02 RR-M,"3'-0"" x 7'-10""",36,94,,,F,WD1,STN1,EXIST. (1),EXIST. (HM),P6,EXIST.,,,No,,No,RETROFIT FRAME AND REPLACE DOOR SLAB & HARDWARE COMPONENTS,29,53
170.1,07 CL,"3'-0"" x 7'-10""",36,94,,,AL1,ALUM1,ANOD1,SF-IN09,ALUM1,ANOD1,H5,J5,,No,G2,No,STOREFRONT,29,54
173.1,06 CL,"3'-0"" x 7'-10""",36,94,,,F,WD1,STN1,3,HM,P6,H4,J4,,No,G2,No,,29,55
174.1,06 CL,"3'-0"" x 7'-10""",36,94,,,F,WD1,STN1,3,HM,P6,H4,J4,,No,G2,No,,29,56
175.1,06 CL,"3'-0"" x 7'-10""",36,94,,,F,WD1,STN1,3,HM,P6,H4,J4,,No,G2,No,,29,57
176.1,06 CL,"3'-0"" x 7'-10""",36,94,,,F,WD1,STN1,3,HM,P6,H4,J4,,No,G2,No,,29,58
177.1,06 CL,"3'-0"" x 7'-10""",36,94,,,F,WD1,STN1,3,HM,P6,H4,J4,,No,G2,No,,29,59
178.1,06 CL,"3'-0"" x 7'-10""",36,94,,,F,WD1,STN1,3,HM,P6,H4,J4,,No,G2,No,,29,60
179.1,02 RR-M,"3'-0"" x 7'-10""",36,94,,,F,WD1,STN1,EXIST. (1),EXIST. (HM),P6,EXIST.,,,No,,No,RETROFIT FRAME AND REPLACE DOOR SLAB & HARDWARE COMPONENTS,29,61
179.1.1,51 UTY-CUS,"3'-0"" x 7'-10""",36,94,,,F,WD1,STN1,1,HM,P6,H1,J3,,No,,Yes,"NEW DOOR FRAME, SLAB & HARDWARE COMPONENTS IN EXISTING OPENING",29,62
180.1,02 RR-M,"3'-0"" x 7'-10""",36,94,,,F,WD1,STN1,EXIST. (1),EXIST. (HM),P6,EXIST.,,,No,,No,RETROFIT FRAME AND REPLACE DOOR SLAB & HARDWARE COMPONENTS,29,63
182.1,07 CL,"2'-11"" x 7'-10""",35,94,,,AL1,ALUM1,ANOD1,SF-IN09,ALUM1,ANOD1,H5,J5,,No,G2,No,STOREFRONT,29,64