Mark,Hardware group,Size (as read),Width (in),Height (in),Thickness,Fire rating,Door type,Door material,Door finish,Frame type,Frame material,Frame finish,Head,Jamb,Sill,Notes,Source page,Source row
1J.1,44 UTY-IT,"3'-0"" x 7'-10""",36,94,,,F,WD1,STN1,EXIST. (1),EXIST. (HM),P6,EXIST.,,,RETROFIT FRAME AND REPLACE DOOR SLAB & HARDWARE COMPONENTS - ADD CARD READER,1,0
109.1,06 CL,"3'-0"" x 7'-10""",36,94,,,NG,WD1,STN1,EXIST. (1),EXIST. (HM),P6,EXIST.,,,RETROFIT FRAME AND REPLACE DOOR SLAB & HARDWARE COMPONENTS,1,1
109.2,06 CL,"3'-0"" x 7'-10""",36,94,,,NG,WD1,STN1,EXIST. (1),EXIST. (HM),P6,EXIST.,,,RETROFIT FRAME AND REPLACE DOOR SLAB & HARDWARE COMPONENTS,1,2
111.1,06 CL,"3'-0"" x 7'-10""",36,94,,,NG,EXIST. (WD),EXIST. (DK STAIN),EXIST. (3),EXIST. (HM),P8,EXIST.,,,"RETROFIT FRAME AND REPLACE GLAZING AT SLAB AND SIDELITE & HARDWARE COMPONENTS, DOOR SLAB TO REMAIN",1,3
111.1.1,19 STO,"6'-0"" x 7'-10""",72,94,,,F,EXIST. (WD),EXIST. (DK STAIN),EXIST. (2),EXIST. (HM),P8,EXIST.,,,RETROFIT FRAME AND REPLACE HARDWARE COMPONENTS,1,4
113.1,06 CL,"3'-0"" x 7'-10""",36,94,,,NG,EXIST. (WD),EXIST. (DK STAIN),EXIST. (3),EXIST. (HM),P8,EXIST.,,,"RETROFIT FRAME AND REPLACE GLAZING AT SLAB AND SIDELITE & HARDWARE COMPONENTS, DOOR SLAB TO REMAIN",1,5
113.1.1,19 STO,"6'-0"" x 7'-10""",72,94,,,F,EXIST. (WD),EXIST. (DK STAIN),EXIST. (2),EXIST. (HM),P8,EXIST.,,,RETROFIT FRAME AND REPLACE HARDWARE COMPONENTS,1,6
114.1,19F STO,"6'-0"" x 7'-10""",72,94,,YES,F,EXIST. (WD),EXIST. (DK STAIN),EXIST. (1),EXIST. (HM),P8,EXIST.,,,"90 MIN. DOOR AND HARDWARE - RETROFIT FRAME AND REPLACE HARDWARE COMPONENTS, DOOR SLAB TO REMAIN.",1,7
118.1,23 STO,"2'-8"" x 7'-10""",32,94,,,F,EXIST. (WD),EXIST. (DK STAIN),EXIST. (1),EXIST. (HM),P8,EXIST.,,,"RETROFIT FRAME AND REPLACE HARDWARE COMPONENTS, DOOR SLAB TO REMAIN.",1,8
119.1,40 UTY,"6'-0"" x 7'-10""",72,94,,,F,HM,P9,1,HM,P9,H2,J2,,"EXTERIOR DOOR PAIR - FRAME, SLAB, AND HARDWARE REPLACEMENT",1,9
119.2,44 UTY-IT,"3'-0"" x 7'-10""",36,94,,,F,EXIST. (WD),EXIST. (DK STAIN),EXIST. (1),EXIST. (HM),P8,EXIST.,,,RETROFIT FRAME AND REPLACE HARDWARE COMPONENTS - ADD CARD READER,1,10
126.1,28 COR,"6'-0"" x 7'-10""",72,94,,,NG,WD1,STN1,EXIST. (HM),EXIST. (HM),P6,EXIST.,,,RETROFIT FRAME AND REPLACE DOOR SLAB & HARDWARE COMPONENTS - PANIC HARDWARE REQUIRED,1,11
126.1.1,32 EXD,"3'-0"" x 7'-10""",36,94,,,AL1,ALUM2,ANOD2,SF-E03A,ALUM2,ANOD2,EXIST.,,,EXTERIOR DOOR - PANIC HARDWARE & CARD READER,1,12
126.1.2,,"3'-0"" x 7'-0""",36,84,,,F,,,1,,,,,,,1,13
126.2,28 COR,"6'-0"" x 7'-10""",72,94,,,NG,WD1,STN1,EXIST. (HM),EXIST. (HM),P6,EXIST.,,,RETROFIT FRAME AND REPLACE DOOR SLAB & HARDWARE COMPONENTS - PANIC HARDWARE REQUIRED,1,14
127.1,07 CL,"3'-0"" x 7'-10""",36,94,,,F,WD1,STN1,3,HM,P6,H4,J4,,,1,15
128.1.1,06 CL,"3'-0"" x 7'-10""",36,94,,,NG,WD1,STN1,EXIST. (SF),EXIST. (HM),P6,EXIST.,,,RETROFIT FRAME AND REPLACE DOOR SLAB & HARDWARE COMPONENTS,1,16
129.1,06 CL,"3'-0"" x 7'-10""",36,94,,,F,WD1,STN1,3,HM,P6,H4,J4,,,1,17
130.1,01 RR,"3'-0"" x 7'-10""",36,94,,,F,WD1,STN1,EXIST. (1),EXIST. (HM),P6,EXIST.,,,RETROFIT FRAME AND REPLACE DOOR SLAB & HARDWARE COMPONENTS,1,18
131.1,06 CL,"3'-0"" x 7'-10""",36,94,,,F,WD1,STN1,3,HM,P6,H4,J4,,,1,19
132.1,01 RR,"3'-0"" x 7'-10""",36,94,,,F,WD1,STN1,1,HM,P6,EXIST.,,,"WIDEN EXISTING MASONRY DOOR OPENING, NEW DOOR FRAME, SLAB, AND HARDWARE COMPONENTS",1,20
133.1,06 CL,"3'-0"" x 7'-10""",36,94,,,NG,WD1,STN1,EXIST. (1),EXIST. (HM),P6,EXIST.,,,RETROFIT FRAME AND REPLACE DOOR SLAB & HARDWARE COMPONENTS,1,21
134.1,01 RR,"3'-0"" x 7'-10""",36,94,,,F,WD1,STN1,1,HM,P6,H1,J1,,,1,22
136.1,44 UTY-IT,"3'-0"" x 7'-10""",36,94,,,F,WD1,STN1,EXIST. (1),EXIST. (HM),P6,EXIST.,,,RETROFIT FRAME AND REPLACE DOOR SLAB & HARDWARE COMPONENTS,1,23
138.1,23 STO,"3'-0"" x 7'-10""",36,94,,,F,WD1,STN1,EXIST. (1),EXIST. (HM),P6,EXIST.,,,RETROFIT FRAME AND REPLACE DOOR SLAB & HARDWARE COMPONENTS,1,24
138.1.1,06 CL,"3'-0"" x 7'-0""",36,84,,,NG,WD1,STN1,EXIST. (1),EXIST. (HM),P6,EXIST.,,,"RETROFIT FRAME AND REPLACE DOOR SLAB & HARDWARE COMPONENTS, NOTE: 7'-0'' H DOOR.",1,25
138.2,23 STO,"3'-0"" x 7'-10""",36,94,,,F,WD1,STN1,EXIST. (1),EXIST. (HM),P6,EXIST.,,,RETROFIT FRAME AND REPLACE DOOR SLAB & HARDWARE COMPONENTS,1,26
141.1,06 CL,"3'-0"" x 7'-10""",36,94,,,F,WD1,STN1,3,HM,P6,H4,J4,,,1,27
142.1,06 CL,"3'-0"" x 7'-10""",36,94,,,F,WD1,STN1,3,HM,P6,H4,J4,,,1,28
143.1,06 CL,"3'-0"" x 7'-10""",36,94,,,G,WD1,STN1,3,HM,P6,H4,J4,,,1,29
144.1,06 CL,"3'-0"" x 7'-10""",36,94,,,G,WD1,STN1,3,HM,P6,H4,J4,,,1,30
145.1,06 CL,"3'-0"" x 7'-10""",36,94,,,G,WD1,STN1,3,HM,P6,H4,J4,,,1,31
146.1,06 CL,"3'-0"" x 7'-10""",36,94,,,G,WD1,STN1,3,HM,P6,H4,J4,,,1,32
147.1,02 RR-M,"3'-0"" x 7'-10""",36,94,,,F,WD1,STN1,EXIST. (1),EXIST. (HM),P6,EXIST.,,,RETROFIT FRAME AND REPLACE DOOR SLAB & HARDWARE COMPONENTS,1,33
147.1.1,51 UTY-CUS,"3'-0"" x 7'-10""",36,94,,,F,WD1,STN1,1,HM,P6,H1,J3,,"NEW DOOR FRAME, SLAB & HARDWARE COMPONENTS IN EXISTING OPENING",1,34
148.1,02 RR-M,"3'-0"" x 7'-10""",36,94,,,F,WD1,STN1,EXIST. (1),EXIST. (HM),P6,EXIST.,,,RETROFIT FRAME AND REPLACE HARDWARE COMPONENTS,1,35
150.1,07 CL,"3'-0"" x 7'-10""",36,94,,,AL1,ALUM1,ANOD1,SF-IN09,ALUM1,ANOD1,H5,J5,,STOREFRONT,1,36
151.1,06 CL,"3'-0"" x 7'-10""",36,94,,,F,WD1,STN1,3,HM,P6,H4,J4,,,1,37
152.1,47 VES,"3'-0"" x 7'-10""",36,94,,,F,WD1,STN1,3,HM,P6,H4,J4,,,1,38
152.1.1,32 EXD,"3'-0"" x 7'-10""",36,94,,,AL1,ALUM2,ANOD2,SF-E03,ALUM2,ANOD2,H11,J11,,EXTERIOR DOOR - PANIC HARDWARE & CARD READER,1,39
153.1,06 CL,"3'-0"" x 7'-10""",36,94,,,F,WD1,STN1,3,HM,P6,H4,J4,,,1,40
155.1,07 CL,"3'-0"" x 7'-10""",36,94,,,F,WD1,STN1,3,HM,P6,H4,J4,,,1,41
155.2,23 STO,"2'-6"" x 7'-10""",30,94,,,F,WD1,STN1,1,HM,P6,H4,J4,,,1,42
157.1,20 STO,"3'-0"" x 7'-10""",36,94,,,F,WD1,STN1,EXIST. (1),EXIST. (HM),P6,EXIST.,,,RETROFIT FRAME AND REPLACE DOOR SLAB & HARDWARE COMPONENTS,1,43
159.1,06 CL,"3'-0"" x 7'-10""",36,94,,,NG,WD1,STN1,EXIST. (1),EXIST. (HM),P6,EXIST.,,,RETROFIT FRAME AND REPLACE DOOR SLAB & HARDWARE COMPONENTS,1,44
161.1,06 CL,"3'-0"" x 7'-10""",36,94,,,F,WD1,STN1,3,HM,P6,H4,J4,,,1,45
162.1,06 CL,"3'-0"" x 7'-10""",36,94,,,F,WD1,STN1,3,HM,P6,H4,J4,,,1,46
163.1,06 CL,"3'-0"" x 7'-10""",36,94,,,F,WD1,STN1,3,HM,P6,H4,J4,,,1,47
164.1,06 CL,"3'-0"" x 7'-10""",36,94,,,F,WD1,STN1,3,HM,P6,H4,J4,,,1,48
165.1,06 CL,"3'-0"" x 7'-10""",36,94,,,F,WD1,STN1,3,HM,P6,H4,J4,,,1,49
166.1,06 CL,"3'-0"" x 7'-10""",36,94,,,F,WD1,STN1,3,HM,P6,H4,J4,,,1,50
167.1,02 RR-M,"3'-0"" x 7'-10""",36,94,,,F,WD1,STN1,EXIST. (1),EXIST. (HM),P6,EXIST.,,,RETROFIT FRAME AND REPLACE DOOR SLAB & HARDWARE COMPONENTS,1,51
167.1.1,51 UTY-CUS,"3'-0"" x 7'-10""",36,94,,,F,WD1,STN1,1,HM,P6,H1,J3,,"NEW DOOR FRAME, SLAB & HARDWARE COMPONENTS IN EXISTING OPENING",1,52
168.1,02 RR-M,"3'-0"" x 7'-10""",36,94,,,F,WD1,STN1,EXIST. (1),EXIST. (HM),P6,EXIST.,,,RETROFIT FRAME AND REPLACE DOOR SLAB & HARDWARE COMPONENTS,1,53
170.1,07 CL,"3'-0"" x 7'-10""",36,94,,,AL1,ALUM1,ANOD1,SF-IN09,ALUM1,ANOD1,H5,J5,,STOREFRONT,1,54
173.1,06 CL,"3'-0"" x 7'-10""",36,94,,,F,WD1,STN1,3,HM,P6,H4,J4,,,1,55
174.1,06 CL,"3'-0"" x 7'-10""",36,94,,,F,WD1,STN1,3,HM,P6,H4,J4,,,1,56
175.1,06 CL,"3'-0"" x 7'-10""",36,94,,,F,WD1,STN1,3,HM,P6,H4,J4,,,1,57
176.1,06 CL,"3'-0"" x 7'-10""",36,94,,,F,WD1,STN1,3,HM,P6,H4,J4,,,1,58
177.1,06 CL,"3'-0"" x 7'-10""",36,94,,,F,WD1,STN1,3,HM,P6,H4,J4,,,1,59
178.1,06 CL,"3'-0"" x 7'-10""",36,94,,,F,WD1,STN1,3,HM,P6,H4,J4,,,1,60
179.1,02 RR-M,"3'-0"" x 7'-10""",36,94,,,F,WD1,STN1,EXIST. (1),EXIST. (HM),P6,EXIST.,,,RETROFIT FRAME AND REPLACE DOOR SLAB & HARDWARE COMPONENTS,1,61
179.1.1,51 UTY-CUS,"3'-0"" x 7'-10""",36,94,,,F,WD1,STN1,1,HM,P6,H1,J3,,"NEW DOOR FRAME, SLAB & HARDWARE COMPONENTS IN EXISTING OPENING",1,62
180.1,02 RR-M,"3'-0"" x 7'-10""",36,94,,,F,WD1,STN1,EXIST. (1),EXIST. (HM),P6,EXIST.,,,RETROFIT FRAME AND REPLACE DOOR SLAB & HARDWARE COMPONENTS,1,63
182.1,07 CL,"2'-11"" x 7'-10""",35,94,,,AL1,ALUM1,ANOD1,SF-IN09,ALUM1,ANOD1,H5,J5,,STOREFRONT,1,64